file,brand,visible_text,evidence,error
image-1.png,beeline,"Дешевле, чем не бывает! 4G безлимитно опция в тарифах «ВСЁ!» 9999 | www.beeline.ru Билайн","На щите виден логотип Beeline — чёрный круг с жёлтой полоской, а также надпись «Билайн» в правом нижнем углу. Также читается текст «4G безлимитно опция в тарифах «ВСЁ!»» и адрес сайта www.beeline.ru, что подтверждает принадлежность рекламы оператору Beeline.",
image-2.png,beeline,"Дешевле, чем бесплатно! 4G безлимитно опция в тарифах «ВСЁ!» 9999 | www.beeline.ru С 28.09.2015 по 15.02.2016 на территории РФ, кроме Республики Беларусь и г. Севастополь, абоненты «Билайн» на тарифных планах «ВСЁ!» и «ВСЁ для бизнеса» могут бесплатно воспользоваться опцией «Безлимитный 4G» и бесплатный 4G в домашнем режиме. Интернет-трафик в рамках опции не расходуется при подключении абонента в сети 4G. Подробнее — www.beeline.ru SP 03 19 Б (812) 438-4848","На рекламном щите виден логотип и название 'Билайн' в правом нижнем углу, а также текст '4G безлимитно опция в тарифах «ВСЁ!»' и адрес сайта www.beeline.ru, что явно указывает на оператора Beeline (Билайн).",
image-3.png,tele2,"ЛОВИТ ВЕЗДЕ, ГДЕ ВАМ НУЖНО
t2.ru
t2","На щите виден логотип 't2' с ярко-розовым цветом, который является частью современной айдентики Tele2. Также присутствует текст 't2.ru' и слоган 'ЛОВИТ ВЕЗДЕ, ГДЕ ВАМ НУЖНО', что характерно для рекламы Tele2.",
image-4.png,tele2,"СЕГОДНЯ, А НЕ ЗАВТРА
Анастасия из Перми, абонент Tele2
#другиеправила TELE2","На рекламе чётко видна надпись 'TELE2' в правом нижнем углу и в левом верхнем углу — 'tele2.ru'. Также присутствует хэштег '#другиеправила' и имя абонента 'Анастасия из Перми, абонент Tele2'. Цветовая гамма с ярко-розовым и чёрно-белым соответствует новой айдентике Tele2.",
image-5.png,megafon,"Тариф «Реальный НОЛЬ», опция к... Начни жизнь с НОЛЯ! 0 коп. за минуту внутри сети 8 800 333 05 00 МЕГАФОН Будущее зависит от тебя","На щите чётко видна надпись «МЕГАФОН» и логотип в виде фиолетового круга с символом внутри. Также присутствует слоган «Будущее зависит от тебя» и контактный номер 8 800 333 05 00, что характерно для МегаФона.",
image-6.png,megafon,"Новый тариф «Реальный НОЛЬ»
...Наш НОЛЬ настоящий!
0 коп. за минуту внутри сети
8 800 333 05 00
МЕГАФОН
Будущее зависит от тебя","На щите видна надпись «МЕГАФОН» и логотип в правом нижнем углу. Также присутствует слоган «Будущее зависит от тебя» и контактный номер 8 800 333 05 00, что характерно для МегаФона. Цветовая гамма — зелёный с белым, что соответствует фирменному стилю МегаФона.",
image-7.png,megafon,"Играйте так, как мы за вас болеем! МЕГАФОН","На щите виден логотип и название 'МегаФон' в нижнем левом углу, а также текст 'Играйте так, как мы за вас болеем!' — это известная рекламная кампания МегаФона, связанная с поддержкой спортивных команд. Цветовая гамма (зелёный фон с фиолетовыми и белыми элементами) соответствует фирменному стилю МегаФона.",
image.png,tele2,"УМНЫЙ ТАРИФ ПОДСТРОИТСЯ ПОД ВАС
Цена не изменится
Из тарифа «Мой онлайн»
TELE2","На щите чётко видна надпись 'TELE2' в правом нижнем углу рекламного блока, а также текст 'Умный тариф подстроится под вас' и 'Цена не изменится', что соответствует рекламе Tele2. В верхнем правом углу также виден логотип tele2.ru, подтверждающий принадлежность к бренду Tele2.",
